g;;
e;Loan;Org:string,SourceID:string,TargetID:string
v;Arantes do Nascimento;Birthday:string,City:string,Country:string,Create Time:long,Gender:string,ID:string,Is Blocked:string,Name:string
v;Astall;Birthday:string,City:string,Country:string,Create Time:long,Gender:string,ID:string,Is Blocked:string,Name:string
v;Bakunin;Birthday:string,City:string,Country:string,Create Time:long,Gender:string,ID:string,Is Blocked:string,Name:string
v;Baloo;Birthday:string,City:string,Country:string,Create Time:long,Gender:string,ID:string,Is Blocked:string,Name:string
v;Bartosik;Birthday:string,City:string,Country:string,Create Time:long,Gender:string,ID:string,Is Blocked:string,Name:string
v;Abdallahi;Birthday:string,City:string,Country:string,Create Time:long,Gender:string,ID:string,Is Blocked:string,Name:string
v;Almeyda;Birthday:string,City:string,Country:string,Create Time:long,Gender:string,ID:string,Is Blocked:string,Name:string
v;Ballante;Birthday:string,City:string,Country:string,Create Time:long,Gender:string,ID:string,Is Blocked:string,Name:string
v;Banfoldi;Birthday:string,City:string,Country:string,Create Time:long,Gender:string,ID:string,Is Blocked:string,Name:string
v;Behad;Birthday:string,City:string,Country:string,Create Time:long,Gender:string,ID:string,Is Blocked:string,Name:string
v;Abdelli;Birthday:string,City:string,Country:string,Create Time:long,Gender:string,ID:string,Is Blocked:string,Name:string
v;Ales;Birthday:string,City:string,Country:string,Create Time:long,Gender:string,ID:string,Is Blocked:string,Name:string
v;Ashina;Birthday:string,City:string,Country:string,Create Time:long,Gender:string,ID:string,Is Blocked:string,Name:string
v;Ashworth;Birthday:string,City:string,Country:string,Create Time:long,Gender:string,ID:string,Is Blocked:string,Name:string
v;Bateson;Birthday:string,City:string,Country:string,Create Time:long,Gender:string,ID:string,Is Blocked:string,Name:string
v;Bernsen;Birthday:string,City:string,Country:string,Create Time:long,Gender:string,ID:string,Is Blocked:string,Name:string
v;Bigley;Birthday:string,City:string,Country:string,Create Time:long,Gender:string,ID:string,Is Blocked:string,Name:string
v;Blow;Birthday:string,City:string,Country:string,Create Time:long,Gender:string,ID:string,Is Blocked:string,Name:string
v;Caprioli;Birthday:string,City:string,Country:string,Create Time:long,Gender:string,ID:string,Is Blocked:string,Name:string
v;Caro;Birthday:string,City:string,Country:string,Create Time:long,Gender:string,ID:string,Is Blocked:string,Name:string
v;Carranza;Birthday:string,City:string,Country:string,Create Time:long,Gender:string,ID:string,Is Blocked:string,Name:string
v;Cauffiel;Birthday:string,City:string,Country:string,Create Time:long,Gender:string,ID:string,Is Blocked:string,Name:string
v;Copeland;Birthday:string,City:string,Country:string,Create Time:long,Gender:string,ID:string,Is Blocked:string,Name:string
v;Crouse;Birthday:string,City:string,Country:string,Create Time:long,Gender:string,ID:string,Is Blocked:string,Name:string
v;Dafydd;Birthday:string,City:string,Country:string,Create Time:long,Gender:string,ID:string,Is Blocked:string,Name:string
v;Dainton;Birthday:string,City:string,Country:string,Create Time:long,Gender:string,ID:string,Is Blocked:string,Name:string
v;Dechenaud;Birthday:string,City:string,Country:string,Create Time:long,Gender:string,ID:string,Is Blocked:string,Name:string
v;Dorries;Birthday:string,City:string,Country:string,Create Time:long,Gender:string,ID:string,Is Blocked:string,Name:string
v;Doucet;Birthday:string,City:string,Country:string,Create Time:long,Gender:string,ID:string,Is Blocked:string,Name:string
v;Elias;Birthday:string,City:string,Country:string,Create Time:long,Gender:string,ID:string,Is Blocked:string,Name:string
v;Escala;Birthday:string,City:string,Country:string,Create Time:long,Gender:string,ID:string,Is Blocked:string,Name:string
v;Flachi;Birthday:string,City:string,Country:string,Create Time:long,Gender:string,ID:string,Is Blocked:string,Name:string
v;Gibbs;Birthday:string,City:string,Country:string,Create Time:long,Gender:string,ID:string,Is Blocked:string,Name:string
v;Goubert;Birthday:string,City:string,Country:string,Create Time:long,Gender:string,ID:string,Is Blocked:string,Name:string
v;Graydon;Birthday:string,City:string,Country:string,Create Time:long,Gender:string,ID:string,Is Blocked:string,Name:string
v;Griffith;Birthday:string,City:string,Country:string,Create Time:long,Gender:string,ID:string,Is Blocked:string,Name:string
v;Grove;Birthday:string,City:string,Country:string,Create Time:long,Gender:string,ID:string,Is Blocked:string,Name:string
v;Gunn;Birthday:string,City:string,Country:string,Create Time:long,Gender:string,ID:string,Is Blocked:string,Name:string
v;Holmer;Birthday:string,City:string,Country:string,Create Time:long,Gender:string,ID:string,Is Blocked:string,Name:string
v;Hulbert;Birthday:string,City:string,Country:string,Create Time:long,Gender:string,ID:string,Is Blocked:string,Name:string
v;Lee;Birthday:string,City:string,Country:string,Create Time:long,Gender:string,ID:string,Is Blocked:string,Name:string
v;Leniston;Birthday:string,City:string,Country:string,Create Time:long,Gender:string,ID:string,Is Blocked:string,Name:string
v;Leverett;Birthday:string,City:string,Country:string,Create Time:long,Gender:string,ID:string,Is Blocked:string,Name:string
v;Lohikoski;Birthday:string,City:string,Country:string,Create Time:long,Gender:string,ID:string,Is Blocked:string,Name:string
v;Maezumi;Birthday:string,City:string,Country:string,Create Time:long,Gender:string,ID:string,Is Blocked:string,Name:string
v;Maguire;Birthday:string,City:string,Country:string,Create Time:long,Gender:string,ID:string,Is Blocked:string,Name:string
v;Morrissy;Birthday:string,City:string,Country:string,Create Time:long,Gender:string,ID:string,Is Blocked:string,Name:string
v;Nostini;Birthday:string,City:string,Country:string,Create Time:long,Gender:string,ID:string,Is Blocked:string,Name:string
v;Oliva;Birthday:string,City:string,Country:string,Create Time:long,Gender:string,ID:string,Is Blocked:string,Name:string
v;Priest;Birthday:string,City:string,Country:string,Create Time:long,Gender:string,ID:string,Is Blocked:string,Name:string
v;Aghdamski;Birthday:string,City:string,Country:string,Create Time:long,Gender:string,ID:string,Is Blocked:string,Name:string
v;Arbus;Birthday:string,City:string,Country:string,Create Time:long,Gender:string,ID:string,Is Blocked:string,Name:string
v;Bassey;Birthday:string,City:string,Country:string,Create Time:long,Gender:string,ID:string,Is Blocked:string,Name:string
v;Bates;Birthday:string,City:string,Country:string,Create Time:long,Gender:string,ID:string,Is Blocked:string,Name:string
v;Bolbukh;Birthday:string,City:string,Country:string,Create Time:long,Gender:string,ID:string,Is Blocked:string,Name:string
v;Bruehl;Birthday:string,City:string,Country:string,Create Time:long,Gender:string,ID:string,Is Blocked:string,Name:string
v;Coombs;Birthday:string,City:string,Country:string,Create Time:long,Gender:string,ID:string,Is Blocked:string,Name:string
v;Couderc;Birthday:string,City:string,Country:string,Create Time:long,Gender:string,ID:string,Is Blocked:string,Name:string
v;Djidonou;Birthday:string,City:string,Country:string,Create Time:long,Gender:string,ID:string,Is Blocked:string,Name:string
v;Ecko;Birthday:string,City:string,Country:string,Create Time:long,Gender:string,ID:string,Is Blocked:string,Name:string
v;Evans;Birthday:string,City:string,Country:string,Create Time:long,Gender:string,ID:string,Is Blocked:string,Name:string
v;Godfrey;Birthday:string,City:string,Country:string,Create Time:long,Gender:string,ID:string,Is Blocked:string,Name:string
v;Grant;Birthday:string,City:string,Country:string,Create Time:long,Gender:string,ID:string,Is Blocked:string,Name:string
v;Gudjohnsen;Birthday:string,City:string,Country:string,Create Time:long,Gender:string,ID:string,Is Blocked:string,Name:string
v;Hodgman;Birthday:string,City:string,Country:string,Create Time:long,Gender:string,ID:string,Is Blocked:string,Name:string
v;Idelson;Birthday:string,City:string,Country:string,Create Time:long,Gender:string,ID:string,Is Blocked:string,Name:string
v;Jacoby;Birthday:string,City:string,Country:string,Create Time:long,Gender:string,ID:string,Is Blocked:string,Name:string
v;Joseph I;Birthday:string,City:string,Country:string,Create Time:long,Gender:string,ID:string,Is Blocked:string,Name:string
v;Kadi;Birthday:string,City:string,Country:string,Create Time:long,Gender:string,ID:string,Is Blocked:string,Name:string
v;Lahiri;Birthday:string,City:string,Country:string,Create Time:long,Gender:string,ID:string,Is Blocked:string,Name:string
v;Lazarowicz;Birthday:string,City:string,Country:string,Create Time:long,Gender:string,ID:string,Is Blocked:string,Name:string
v;Le Claire;Birthday:string,City:string,Country:string,Create Time:long,Gender:string,ID:string,Is Blocked:string,Name:string
v;Lister;Birthday:string,City:string,Country:string,Create Time:long,Gender:string,ID:string,Is Blocked:string,Name:string
v;Llamazares;Birthday:string,City:string,Country:string,Create Time:long,Gender:string,ID:string,Is Blocked:string,Name:string
v;Macmurdo;Birthday:string,City:string,Country:string,Create Time:long,Gender:string,ID:string,Is Blocked:string,Name:string
v;McKee;Birthday:string,City:string,Country:string,Create Time:long,Gender:string,ID:string,Is Blocked:string,Name:string
v;Montenegro;Birthday:string,City:string,Country:string,Create Time:long,Gender:string,ID:string,Is Blocked:string,Name:string
v;Moreno Arazandi;Birthday:string,City:string,Country:string,Create Time:long,Gender:string,ID:string,Is Blocked:string,Name:string
v;Morzone;Birthday:string,City:string,Country:string,Create Time:long,Gender:string,ID:string,Is Blocked:string,Name:string
v;Nikolov;Birthday:string,City:string,Country:string,Create Time:long,Gender:string,ID:string,Is Blocked:string,Name:string
v;Nouvel;Birthday:string,City:string,Country:string,Create Time:long,Gender:string,ID:string,Is Blocked:string,Name:string
v;Ohkawa;Birthday:string,City:string,Country:string,Create Time:long,Gender:string,ID:string,Is Blocked:string,Name:string
v;Pieete;Birthday:string,City:string,Country:string,Create Time:long,Gender:string,ID:string,Is Blocked:string,Name:string
v;Pilbeam;Birthday:string,City:string,Country:string,Create Time:long,Gender:string,ID:string,Is Blocked:string,Name:string
v;Prussia;Birthday:string,City:string,Country:string,Create Time:long,Gender:string,ID:string,Is Blocked:string,Name:string
v;Riby;Birthday:string,City:string,Country:string,Create Time:long,Gender:string,ID:string,Is Blocked:string,Name:string
v;Rickards;Birthday:string,City:string,Country:string,Create Time:long,Gender:string,ID:string,Is Blocked:string,Name:string
v;Roba;Birthday:string,City:string,Country:string,Create Time:long,Gender:string,ID:string,Is Blocked:string,Name:string
v;Sample;Birthday:string,City:string,Country:string,Create Time:long,Gender:string,ID:string,Is Blocked:string,Name:string
v;Ramel;Birthday:string,City:string,Country:string,Create Time:long,Gender:string,ID:string,Is Blocked:string,Name:string
v;Shull;Birthday:string,City:string,Country:string,Create Time:long,Gender:string,ID:string,Is Blocked:string,Name:string
v;Slimane;Birthday:string,City:string,Country:string,Create Time:long,Gender:string,ID:string,Is Blocked:string,Name:string
v;Storme;Birthday:string,City:string,Country:string,Create Time:long,Gender:string,ID:string,Is Blocked:string,Name:string
v;Svoboda;Birthday:string,City:string,Country:string,Create Time:long,Gender:string,ID:string,Is Blocked:string,Name:string
v;Valdez;Birthday:string,City:string,Country:string,Create Time:long,Gender:string,ID:string,Is Blocked:string,Name:string
v;Vrana;Birthday:string,City:string,Country:string,Create Time:long,Gender:string,ID:string,Is Blocked:string,Name:string
v;Vyvyan;Birthday:string,City:string,Country:string,Create Time:long,Gender:string,ID:string,Is Blocked:string,Name:string
v;Yuki;Birthday:string,City:string,Country:string,Create Time:long,Gender:string,ID:string,Is Blocked:string,Name:string
v;Schierholtz;Birthday:string,City:string,Country:string,Create Time:long,Gender:string,ID:string,Is Blocked:string,Name:string
v;Starck;Birthday:string,City:string,Country:string,Create Time:long,Gender:string,ID:string,Is Blocked:string,Name:string
v;Stephenson;Birthday:string,City:string,Country:string,Create Time:long,Gender:string,ID:string,Is Blocked:string,Name:string
v;Stinson;Birthday:string,City:string,Country:string,Create Time:long,Gender:string,ID:string,Is Blocked:string,Name:string
v;Torres Bodet;Birthday:string,City:string,Country:string,Create Time:long,Gender:string,ID:string,Is Blocked:string,Name:string
v;Valeri;Birthday:string,City:string,Country:string,Create Time:long,Gender:string,ID:string,Is Blocked:string,Name:string
v;Weisz;Birthday:string,City:string,Country:string,Create Time:long,Gender:string,ID:string,Is Blocked:string,Name:string
v;Žáry;Birthday:string,City:string,Country:string,Create Time:long,Gender:string,ID:string,Is Blocked:string,Name:string
v;Bretz;Birthday:string,City:string,Country:string,Create Time:long,Gender:string,ID:string,Is Blocked:string,Name:string
v;Bustamante;Birthday:string,City:string,Country:string,Create Time:long,Gender:string,ID:string,Is Blocked:string,Name:string
v;Chauveau;Birthday:string,City:string,Country:string,Create Time:long,Gender:string,ID:string,Is Blocked:string,Name:string
v;Cistaro;Birthday:string,City:string,Country:string,Create Time:long,Gender:string,ID:string,Is Blocked:string,Name:string
v;Coage;Birthday:string,City:string,Country:string,Create Time:long,Gender:string,ID:string,Is Blocked:string,Name:string
v;Culver;Birthday:string,City:string,Country:string,Create Time:long,Gender:string,ID:string,Is Blocked:string,Name:string
v;Diamond;Birthday:string,City:string,Country:string,Create Time:long,Gender:string,ID:string,Is Blocked:string,Name:string
v;Fehér;Birthday:string,City:string,Country:string,Create Time:long,Gender:string,ID:string,Is Blocked:string,Name:string
v;Fleming;Birthday:string,City:string,Country:string,Create Time:long,Gender:string,ID:string,Is Blocked:string,Name:string
v;Fong;Birthday:string,City:string,Country:string,Create Time:long,Gender:string,ID:string,Is Blocked:string,Name:string
v;Gooch;Birthday:string,City:string,Country:string,Create Time:long,Gender:string,ID:string,Is Blocked:string,Name:string
v;Goode;Birthday:string,City:string,Country:string,Create Time:long,Gender:string,ID:string,Is Blocked:string,Name:string
v;Gurbanov;Birthday:string,City:string,Country:string,Create Time:long,Gender:string,ID:string,Is Blocked:string,Name:string
v;Hawke;Birthday:string,City:string,Country:string,Create Time:long,Gender:string,ID:string,Is Blocked:string,Name:string
v;Helme;Birthday:string,City:string,Country:string,Create Time:long,Gender:string,ID:string,Is Blocked:string,Name:string
v;Kawahara;Birthday:string,City:string,Country:string,Create Time:long,Gender:string,ID:string,Is Blocked:string,Name:string
v;Kenji;Birthday:string,City:string,Country:string,Create Time:long,Gender:string,ID:string,Is Blocked:string,Name:string
v;Lister-Jones;Birthday:string,City:string,Country:string,Create Time:long,Gender:string,ID:string,Is Blocked:string,Name:string
v;Litchfield;Birthday:string,City:string,Country:string,Create Time:long,Gender:string,ID:string,Is Blocked:string,Name:string
v;Loan;Balance:double,Create Time:string,ID:string,Interest Rate:double,Loan amount:double,Loan usage:string
v;Lomer;Birthday:string,City:string,Country:string,Create Time:long,Gender:string,ID:string,Is Blocked:string,Name:string
v;Maceacharn;Birthday:string,City:string,Country:string,Create Time:long,Gender:string,ID:string,Is Blocked:string,Name:string
v;Mactiernan;Birthday:string,City:string,Country:string,Create Time:long,Gender:string,ID:string,Is Blocked:string,Name:string
v;Malet;Birthday:string,City:string,Country:string,Create Time:long,Gender:string,ID:string,Is Blocked:string,Name:string
v;McGlory;Birthday:string,City:string,Country:string,Create Time:long,Gender:string,ID:string,Is Blocked:string,Name:string
v;Monette;Birthday:string,City:string,Country:string,Create Time:long,Gender:string,ID:string,Is Blocked:string,Name:string
v;Moo;Birthday:string,City:string,Country:string,Create Time:long,Gender:string,ID:string,Is Blocked:string,Name:string
v;Morales;Birthday:string,City:string,Country:string,Create Time:long,Gender:string,ID:string,Is Blocked:string,Name:string
v;Okamoto;Birthday:string,City:string,Country:string,Create Time:long,Gender:string,ID:string,Is Blocked:string,Name:string
v;Patten;Birthday:string,City:string,Country:string,Create Time:long,Gender:string,ID:string,Is Blocked:string,Name:string
v;Perez;Birthday:string,City:string,Country:string,Create Time:long,Gender:string,ID:string,Is Blocked:string,Name:string
v;Peuhu;Birthday:string,City:string,Country:string,Create Time:long,Gender:string,ID:string,Is Blocked:string,Name:string
v;Rakovic;Birthday:string,City:string,Country:string,Create Time:long,Gender:string,ID:string,Is Blocked:string,Name:string
v;Rodgers;Birthday:string,City:string,Country:string,Create Time:long,Gender:string,ID:string,Is Blocked:string,Name:string
v;Rolfe;Birthday:string,City:string,Country:string,Create Time:long,Gender:string,ID:string,Is Blocked:string,Name:string
v;Roman;Birthday:string,City:string,Country:string,Create Time:long,Gender:string,ID:string,Is Blocked:string,Name:string
v;Rowe;Birthday:string,City:string,Country:string,Create Time:long,Gender:string,ID:string,Is Blocked:string,Name:string
v;Schriever;Birthday:string,City:string,Country:string,Create Time:long,Gender:string,ID:string,Is Blocked:string,Name:string
v;Simmonds;Birthday:string,City:string,Country:string,Create Time:long,Gender:string,ID:string,Is Blocked:string,Name:string
v;Slover;Birthday:string,City:string,Country:string,Create Time:long,Gender:string,ID:string,Is Blocked:string,Name:string
v;Soares;Birthday:string,City:string,Country:string,Create Time:long,Gender:string,ID:string,Is Blocked:string,Name:string
v;Soler;Birthday:string,City:string,Country:string,Create Time:long,Gender:string,ID:string,Is Blocked:string,Name:string
v;Sossamon;Birthday:string,City:string,Country:string,Create Time:long,Gender:string,ID:string,Is Blocked:string,Name:string
v;Talamayan;Birthday:string,City:string,Country:string,Create Time:long,Gender:string,ID:string,Is Blocked:string,Name:string
v;Teixeira;Birthday:string,City:string,Country:string,Create Time:long,Gender:string,ID:string,Is Blocked:string,Name:string
v;Tierney;Birthday:string,City:string,Country:string,Create Time:long,Gender:string,ID:string,Is Blocked:string,Name:string
v;Truitt;Birthday:string,City:string,Country:string,Create Time:long,Gender:string,ID:string,Is Blocked:string,Name:string
v;Varchetta;Birthday:string,City:string,Country:string,Create Time:long,Gender:string,ID:string,Is Blocked:string,Name:string
v;Vauclair;Birthday:string,City:string,Country:string,Create Time:long,Gender:string,ID:string,Is Blocked:string,Name:string
v;Vynokurov;Birthday:string,City:string,Country:string,Create Time:long,Gender:string,ID:string,Is Blocked:string,Name:string
v;West;Birthday:string,City:string,Country:string,Create Time:long,Gender:string,ID:string,Is Blocked:string,Name:string
v;Weston;Birthday:string,City:string,Country:string,Create Time:long,Gender:string,ID:string,Is Blocked:string,Name:string
v;Zilberstein;Birthday:string,City:string,Country:string,Create Time:long,Gender:string,ID:string,Is Blocked:string,Name:string
v;Bennahmias;Birthday:string,City:string,Country:string,Create Time:long,Gender:string,ID:string,Is Blocked:string,Name:string
v;Bertrand;Birthday:string,City:string,Country:string,Create Time:long,Gender:string,ID:string,Is Blocked:string,Name:string
v;Bezerra;Birthday:string,City:string,Country:string,Create Time:long,Gender:string,ID:string,Is Blocked:string,Name:string
v;Billington;Birthday:string,City:string,Country:string,Create Time:long,Gender:string,ID:string,Is Blocked:string,Name:string
v;Blatchley;Birthday:string,City:string,Country:string,Create Time:long,Gender:string,ID:string,Is Blocked:string,Name:string
v;Blissett;Birthday:string,City:string,Country:string,Create Time:long,Gender:string,ID:string,Is Blocked:string,Name:string
v;Bono;Birthday:string,City:string,Country:string,Create Time:long,Gender:string,ID:string,Is Blocked:string,Name:string
v;Brams;Birthday:string,City:string,Country:string,Create Time:long,Gender:string,ID:string,Is Blocked:string,Name:string
v;Breckenridge;Birthday:string,City:string,Country:string,Create Time:long,Gender:string,ID:string,Is Blocked:string,Name:string
v;Brossa;Birthday:string,City:string,Country:string,Create Time:long,Gender:string,ID:string,Is Blocked:string,Name:string
v;Chambers;Birthday:string,City:string,Country:string,Create Time:long,Gender:string,ID:string,Is Blocked:string,Name:string
v;Chand;Birthday:string,City:string,Country:string,Create Time:long,Gender:string,ID:string,Is Blocked:string,Name:string
v;Cools;Birthday:string,City:string,Country:string,Create Time:long,Gender:string,ID:string,Is Blocked:string,Name:string
v;Cumberland;Birthday:string,City:string,Country:string,Create Time:long,Gender:string,ID:string,Is Blocked:string,Name:string
v;Desplat;Birthday:string,City:string,Country:string,Create Time:long,Gender:string,ID:string,Is Blocked:string,Name:string
v;Devedjian;Birthday:string,City:string,Country:string,Create Time:long,Gender:string,ID:string,Is Blocked:string,Name:string
v;Dubieńska;Birthday:string,City:string,Country:string,Create Time:long,Gender:string,ID:string,Is Blocked:string,Name:string
v;Flockett;Birthday:string,City:string,Country:string,Create Time:long,Gender:string,ID:string,Is Blocked:string,Name:string
v;Foot;Birthday:string,City:string,Country:string,Create Time:long,Gender:string,ID:string,Is Blocked:string,Name:string
v;Fuente;Birthday:string,City:string,Country:string,Create Time:long,Gender:string,ID:string,Is Blocked:string,Name:string
v;Gallio;Birthday:string,City:string,Country:string,Create Time:long,Gender:string,ID:string,Is Blocked:string,Name:string
v;Glass;Birthday:string,City:string,Country:string,Create Time:long,Gender:string,ID:string,Is Blocked:string,Name:string
v;Greif;Birthday:string,City:string,Country:string,Create Time:long,Gender:string,ID:string,Is Blocked:string,Name:string
v;Haarde;Birthday:string,City:string,Country:string,Create Time:long,Gender:string,ID:string,Is Blocked:string,Name:string
v;Harding;Birthday:string,City:string,Country:string,Create Time:long,Gender:string,ID:string,Is Blocked:string,Name:string
v;Hatfield;Birthday:string,City:string,Country:string,Create Time:long,Gender:string,ID:string,Is Blocked:string,Name:string
v;Hiltermann;Birthday:string,City:string,Country:string,Create Time:long,Gender:string,ID:string,Is Blocked:string,Name:string
v;Janson;Birthday:string,City:string,Country:string,Create Time:long,Gender:string,ID:string,Is Blocked:string,Name:string
v;Jez;Birthday:string,City:string,Country:string,Create Time:long,Gender:string,ID:string,Is Blocked:string,Name:string
v;Kaewsuktae;Birthday:string,City:string,Country:string,Create Time:long,Gender:string,ID:string,Is Blocked:string,Name:string
v;Karachalios;Birthday:string,City:string,Country:string,Create Time:long,Gender:string,ID:string,Is Blocked:string,Name:string
v;Karamanlis;Birthday:string,City:string,Country:string,Create Time:long,Gender:string,ID:string,Is Blocked:string,Name:string
v;Krupskaya;Birthday:string,City:string,Country:string,Create Time:long,Gender:string,ID:string,Is Blocked:string,Name:string
v;Lord;Birthday:string,City:string,Country:string,Create Time:long,Gender:string,ID:string,Is Blocked:string,Name:string
v;Magnuson;Birthday:string,City:string,Country:string,Create Time:long,Gender:string,ID:string,Is Blocked:string,Name:string
v;Morrisseau;Birthday:string,City:string,Country:string,Create Time:long,Gender:string,ID:string,Is Blocked:string,Name:string
v;Natan-Zada;Birthday:string,City:string,Country:string,Create Time:long,Gender:string,ID:string,Is Blocked:string,Name:string
v;Nordmeyer;Birthday:string,City:string,Country:string,Create Time:long,Gender:string,ID:string,Is Blocked:string,Name:string
v;Nussbaum;Birthday:string,City:string,Country:string,Create Time:long,Gender:string,ID:string,Is Blocked:string,Name:string
v;Paakkonen;Birthday:string,City:string,Country:string,Create Time:long,Gender:string,ID:string,Is Blocked:string,Name:string
v;Pelletier;Birthday:string,City:string,Country:string,Create Time:long,Gender:string,ID:string,Is Blocked:string,Name:string
v;Ramirez De Arellano;Birthday:string,City:string,Country:string,Create Time:long,Gender:string,ID:string,Is Blocked:string,Name:string
v;Rogerson;Birthday:string,City:string,Country:string,Create Time:long,Gender:string,ID:string,Is Blocked:string,Name:string
v;Salaviza;Birthday:string,City:string,Country:string,Create Time:long,Gender:string,ID:string,Is Blocked:string,Name:string
v;Sedra;Birthday:string,City:string,Country:string,Create Time:long,Gender:string,ID:string,Is Blocked:string,Name:string
v;Shabazz;Birthday:string,City:string,Country:string,Create Time:long,Gender:string,ID:string,Is Blocked:string,Name:string
v;Skala;Birthday:string,City:string,Country:string,Create Time:long,Gender:string,ID:string,Is Blocked:string,Name:string
v;Sky;Birthday:string,City:string,Country:string,Create Time:long,Gender:string,ID:string,Is Blocked:string,Name:string
v;Soylemezgiller;Birthday:string,City:string,Country:string,Create Time:long,Gender:string,ID:string,Is Blocked:string,Name:string
v;Sterling;Birthday:string,City:string,Country:string,Create Time:long,Gender:string,ID:string,Is Blocked:string,Name:string
v;Talay;Birthday:string,City:string,Country:string,Create Time:long,Gender:string,ID:string,Is Blocked:string,Name:string
v;Thunayan;Birthday:string,City:string,Country:string,Create Time:long,Gender:string,ID:string,Is Blocked:string,Name:string
v;Torrence;Birthday:string,City:string,Country:string,Create Time:long,Gender:string,ID:string,Is Blocked:string,Name:string
v;Vivier;Birthday:string,City:string,Country:string,Create Time:long,Gender:string,ID:string,Is Blocked:string,Name:string
v;Wentworth-Shields;Birthday:string,City:string,Country:string,Create Time:long,Gender:string,ID:string,Is Blocked:string,Name:string
v;Abeygunawardena;Birthday:string,City:string,Country:string,Create Time:long,Gender:string,ID:string,Is Blocked:string,Name:string
v;Allister;Birthday:string,City:string,Country:string,Create Time:long,Gender:string,ID:string,Is Blocked:string,Name:string
v;Barrell;Birthday:string,City:string,Country:string,Create Time:long,Gender:string,ID:string,Is Blocked:string,Name:string
v;Beshenivsky;Birthday:string,City:string,Country:string,Create Time:long,Gender:string,ID:string,Is Blocked:string,Name:string
v;Bilyaletdinov;Birthday:string,City:string,Country:string,Create Time:long,Gender:string,ID:string,Is Blocked:string,Name:string
v;Boese;Birthday:string,City:string,Country:string,Create Time:long,Gender:string,ID:string,Is Blocked:string,Name:string
v;Bouchez;Birthday:string,City:string,Country:string,Create Time:long,Gender:string,ID:string,Is Blocked:string,Name:string
v;Boyes;Birthday:string,City:string,Country:string,Create Time:long,Gender:string,ID:string,Is Blocked:string,Name:string
v;Bukofzer;Birthday:string,City:string,Country:string,Create Time:long,Gender:string,ID:string,Is Blocked:string,Name:string
v;Buttiglione;Birthday:string,City:string,Country:string,Create Time:long,Gender:string,ID:string,Is Blocked:string,Name:string
v;Carlos;Birthday:string,City:string,Country:string,Create Time:long,Gender:string,ID:string,Is Blocked:string,Name:string
v;Casanova;Birthday:string,City:string,Country:string,Create Time:long,Gender:string,ID:string,Is Blocked:string,Name:string
v;Cleeve;Birthday:string,City:string,Country:string,Create Time:long,Gender:string,ID:string,Is Blocked:string,Name:string
v;Croze;Birthday:string,City:string,Country:string,Create Time:long,Gender:string,ID:string,Is Blocked:string,Name:string
v;Everett;Birthday:string,City:string,Country:string,Create Time:long,Gender:string,ID:string,Is Blocked:string,Name:string
v;Ferebee;Birthday:string,City:string,Country:string,Create Time:long,Gender:string,ID:string,Is Blocked:string,Name:string
v;Gil;Birthday:string,City:string,Country:string,Create Time:long,Gender:string,ID:string,Is Blocked:string,Name:string
v;Greiner;Birthday:string,City:string,Country:string,Create Time:long,Gender:string,ID:string,Is Blocked:string,Name:string
v;Griffiths;Birthday:string,City:string,Country:string,Create Time:long,Gender:string,ID:string,Is Blocked:string,Name:string
v;Gutierrez Ortiz;Birthday:string,City:string,Country:string,Create Time:long,Gender:string,ID:string,Is Blocked:string,Name:string
v;Hanstveit;Birthday:string,City:string,Country:string,Create Time:long,Gender:string,ID:string,Is Blocked:string,Name:string
v;Harrington;Birthday:string,City:string,Country:string,Create Time:long,Gender:string,ID:string,Is Blocked:string,Name:string
v;Hergesheimer;Birthday:string,City:string,Country:string,Create Time:long,Gender:string,ID:string,Is Blocked:string,Name:string
v;Horsley;Birthday:string,City:string,Country:string,Create Time:long,Gender:string,ID:string,Is Blocked:string,Name:string
v;Kapompole;Birthday:string,City:string,Country:string,Create Time:long,Gender:string,ID:string,Is Blocked:string,Name:string
v;Kerschensteiner;Birthday:string,City:string,Country:string,Create Time:long,Gender:string,ID:string,Is Blocked:string,Name:string
v;Labrosse;Birthday:string,City:string,Country:string,Create Time:long,Gender:string,ID:string,Is Blocked:string,Name:string
v;Ledoux;Birthday:string,City:string,Country:string,Create Time:long,Gender:string,ID:string,Is Blocked:string,Name:string
v;Lysyj;Birthday:string,City:string,Country:string,Create Time:long,Gender:string,ID:string,Is Blocked:string,Name:string
v;Martino;Birthday:string,City:string,Country:string,Create Time:long,Gender:string,ID:string,Is Blocked:string,Name:string
v;Mathias;Birthday:string,City:string,Country:string,Create Time:long,Gender:string,ID:string,Is Blocked:string,Name:string
v;Mikkelsen;Birthday:string,City:string,Country:string,Create Time:long,Gender:string,ID:string,Is Blocked:string,Name:string
v;Moncrief;Birthday:string,City:string,Country:string,Create Time:long,Gender:string,ID:string,Is Blocked:string,Name:string
v;Morgan;Birthday:string,City:string,Country:string,Create Time:long,Gender:string,ID:string,Is Blocked:string,Name:string
v;Munroe;Birthday:string,City:string,Country:string,Create Time:long,Gender:string,ID:string,Is Blocked:string,Name:string
v;Musashiyama;Birthday:string,City:string,Country:string,Create Time:long,Gender:string,ID:string,Is Blocked:string,Name:string
v;N'Kongue;Birthday:string,City:string,Country:string,Create Time:long,Gender:string,ID:string,Is Blocked:string,Name:string
v;Nicon;Birthday:string,City:string,Country:string,Create Time:long,Gender:string,ID:string,Is Blocked:string,Name:string
v;Palma;Birthday:string,City:string,Country:string,Create Time:long,Gender:string,ID:string,Is Blocked:string,Name:string
v;Peca;Birthday:string,City:string,Country:string,Create Time:long,Gender:string,ID:string,Is Blocked:string,Name:string
v;Piper;Birthday:string,City:string,Country:string,Create Time:long,Gender:string,ID:string,Is Blocked:string,Name:string
v;Portzamparc;Birthday:string,City:string,Country:string,Create Time:long,Gender:string,ID:string,Is Blocked:string,Name:string
v;Rasso Of Bavaria;Birthday:string,City:string,Country:string,Create Time:long,Gender:string,ID:string,Is Blocked:string,Name:string
v;Richard;Birthday:string,City:string,Country:string,Create Time:long,Gender:string,ID:string,Is Blocked:string,Name:string
v;Rodriguez;Birthday:string,City:string,Country:string,Create Time:long,Gender:string,ID:string,Is Blocked:string,Name:string
v;Sachet;Birthday:string,City:string,Country:string,Create Time:long,Gender:string,ID:string,Is Blocked:string,Name:string
v;Sami;Birthday:string,City:string,Country:string,Create Time:long,Gender:string,ID:string,Is Blocked:string,Name:string
v;Sim;Birthday:string,City:string,Country:string,Create Time:long,Gender:string,ID:string,Is Blocked:string,Name:string
v;Simutowe;Birthday:string,City:string,Country:string,Create Time:long,Gender:string,ID:string,Is Blocked:string,Name:string
v;Smith;Birthday:string,City:string,Country:string,Create Time:long,Gender:string,ID:string,Is Blocked:string,Name:string
v;Stoudenmire;Birthday:string,City:string,Country:string,Create Time:long,Gender:string,ID:string,Is Blocked:string,Name:string
v;Szczyglo;Birthday:string,City:string,Country:string,Create Time:long,Gender:string,ID:string,Is Blocked:string,Name:string
v;Testoni;Birthday:string,City:string,Country:string,Create Time:long,Gender:string,ID:string,Is Blocked:string,Name:string
v;Tsang;Birthday:string,City:string,Country:string,Create Time:long,Gender:string,ID:string,Is Blocked:string,Name:string
v;Udovenko;Birthday:string,City:string,Country:string,Create Time:long,Gender:string,ID:string,Is Blocked:string,Name:string
v;Van Brabant;Birthday:string,City:string,Country:string,Create Time:long,Gender:string,ID:string,Is Blocked:string,Name:string
v;Vrba;Birthday:string,City:string,Country:string,Create Time:long,Gender:string,ID:string,Is Blocked:string,Name:string
v;Wallace;Birthday:string,City:string,Country:string,Create Time:long,Gender:string,ID:string,Is Blocked:string,Name:string
v;Weerasinghe;Birthday:string,City:string,Country:string,Create Time:long,Gender:string,ID:string,Is Blocked:string,Name:string
v;Yu;Birthday:string,City:string,Country:string,Create Time:long,Gender:string,ID:string,Is Blocked:string,Name:string
v;Zabala;Birthday:string,City:string,Country:string,Create Time:long,Gender:string,ID:string,Is Blocked:string,Name:string
v;Zeidan;Birthday:string,City:string,Country:string,Create Time:long,Gender:string,ID:string,Is Blocked:string,Name:string
v;von Schamann;Birthday:string,City:string,Country:string,Create Time:long,Gender:string,ID:string,Is Blocked:string,Name:string
v;Aden;Birthday:string,City:string,Country:string,Create Time:long,Gender:string,ID:string,Is Blocked:string,Name:string
v;Asuncion;Birthday:string,City:string,Country:string,Create Time:long,Gender:string,ID:string,Is Blocked:string,Name:string
v;Baggesen;Birthday:string,City:string,Country:string,Create Time:long,Gender:string,ID:string,Is Blocked:string,Name:string
v;Baranova;Birthday:string,City:string,Country:string,Create Time:long,Gender:string,ID:string,Is Blocked:string,Name:string
v;Barshadly;Birthday:string,City:string,Country:string,Create Time:long,Gender:string,ID:string,Is Blocked:string,Name:string
v;Blatt;Birthday:string,City:string,Country:string,Create Time:long,Gender:string,ID:string,Is Blocked:string,Name:string
v;Brasova;Birthday:string,City:string,Country:string,Create Time:long,Gender:string,ID:string,Is Blocked:string,Name:string
v;Chaparro;Birthday:string,City:string,Country:string,Create Time:long,Gender:string,ID:string,Is Blocked:string,Name:string
v;Cockayne;Birthday:string,City:string,Country:string,Create Time:long,Gender:string,ID:string,Is Blocked:string,Name:string
v;De Mel;Birthday:string,City:string,Country:string,Create Time:long,Gender:string,ID:string,Is Blocked:string,Name:string
v;Desmond;Birthday:string,City:string,Country:string,Create Time:long,Gender:string,ID:string,Is Blocked:string,Name:string
v;Dogar;Birthday:string,City:string,Country:string,Create Time:long,Gender:string,ID:string,Is Blocked:string,Name:string
v;Domingo;Birthday:string,City:string,Country:string,Create Time:long,Gender:string,ID:string,Is Blocked:string,Name:string
v;Easterbrook;Birthday:string,City:string,Country:string,Create Time:long,Gender:string,ID:string,Is Blocked:string,Name:string
v;Eichborn;Birthday:string,City:string,Country:string,Create Time:long,Gender:string,ID:string,Is Blocked:string,Name:string
v;Abutalybov;Birthday:string,City:string,Country:string,Create Time:long,Gender:string,ID:string,Is Blocked:string,Name:string
v;Alleman;Birthday:string,City:string,Country:string,Create Time:long,Gender:string,ID:string,Is Blocked:string,Name:string
v;Alvarez Florentin;Birthday:string,City:string,Country:string,Create Time:long,Gender:string,ID:string,Is Blocked:string,Name:string
v;Ball;Birthday:string,City:string,Country:string,Create Time:long,Gender:string,ID:string,Is Blocked:string,Name:string
v;Barker;Birthday:string,City:string,Country:string,Create Time:long,Gender:string,ID:string,Is Blocked:string,Name:string
v;Baumgartner;Birthday:string,City:string,Country:string,Create Time:long,Gender:string,ID:string,Is Blocked:string,Name:string
v;Bodel;Birthday:string,City:string,Country:string,Create Time:long,Gender:string,ID:string,Is Blocked:string,Name:string
v;Bonnot;Birthday:string,City:string,Country:string,Create Time:long,Gender:string,ID:string,Is Blocked:string,Name:string
v;Casady;Birthday:string,City:string,Country:string,Create Time:long,Gender:string,ID:string,Is Blocked:string,Name:string
v;Cervell;Birthday:string,City:string,Country:string,Create Time:long,Gender:string,ID:string,Is Blocked:string,Name:string
v;Crawfurd;Birthday:string,City:string,Country:string,Create Time:long,Gender:string,ID:string,Is Blocked:string,Name:string
v;Dalpuget;Birthday:string,City:string,Country:string,Create Time:long,Gender:string,ID:string,Is Blocked:string,Name:string
v;Darling;Birthday:string,City:string,Country:string,Create Time:long,Gender:string,ID:string,Is Blocked:string,Name:string
v;Dolpico Lerner;Birthday:string,City:string,Country:string,Create Time:long,Gender:string,ID:string,Is Blocked:string,Name:string
v;Du Toit;Birthday:string,City:string,Country:string,Create Time:long,Gender:string,ID:string,Is Blocked:string,Name:string
v;Akhavan;Birthday:string,City:string,Country:string,Create Time:long,Gender:string,ID:string,Is Blocked:string,Name:string
v;Akomfrah;Birthday:string,City:string,Country:string,Create Time:long,Gender:string,ID:string,Is Blocked:string,Name:string
v;Alberstein;Birthday:string,City:string,Country:string,Create Time:long,Gender:string,ID:string,Is Blocked:string,Name:string
v;Anderson;Birthday:string,City:string,Country:string,Create Time:long,Gender:string,ID:string,Is Blocked:string,Name:string
v;Angern;Birthday:string,City:string,Country:string,Create Time:long,Gender:string,ID:string,Is Blocked:string,Name:string
v;Antić;Birthday:string,City:string,Country:string,Create Time:long,Gender:string,ID:string,Is Blocked:string,Name:string
v;Arnold;Birthday:string,City:string,Country:string,Create Time:long,Gender:string,ID:string,Is Blocked:string,Name:string
v;Bengtsson;Birthday:string,City:string,Country:string,Create Time:long,Gender:string,ID:string,Is Blocked:string,Name:string
v;Brahm;Birthday:string,City:string,Country:string,Create Time:long,Gender:string,ID:string,Is Blocked:string,Name:string
v;Briginshaw;Birthday:string,City:string,Country:string,Create Time:long,Gender:string,ID:string,Is Blocked:string,Name:string
v;Cabon;Birthday:string,City:string,Country:string,Create Time:long,Gender:string,ID:string,Is Blocked:string,Name:string
v;Caine;Birthday:string,City:string,Country:string,Create Time:long,Gender:string,ID:string,Is Blocked:string,Name:string
v;Cason;Birthday:string,City:string,Country:string,Create Time:long,Gender:string,ID:string,Is Blocked:string,Name:string
v;Castanon;Birthday:string,City:string,Country:string,Create Time:long,Gender:string,ID:string,Is Blocked:string,Name:string
v;Chan;Birthday:string,City:string,Country:string,Create Time:long,Gender:string,ID:string,Is Blocked:string,Name:string
v;Corkill;Birthday:string,City:string,Country:string,Create Time:long,Gender:string,ID:string,Is Blocked:string,Name:string
v;Delaney;Birthday:string,City:string,Country:string,Create Time:long,Gender:string,ID:string,Is Blocked:string,Name:string
v;Duquette;Birthday:string,City:string,Country:string,Create Time:long,Gender:string,ID:string,Is Blocked:string,Name:string
v;Edwardes;Birthday:string,City:string,Country:string,Create Time:long,Gender:string,ID:string,Is Blocked:string,Name:string
v;Farnall;Birthday:string,City:string,Country:string,Create Time:long,Gender:string,ID:string,Is Blocked:string,Name:string
v;Fereday;Birthday:string,City:string,Country:string,Create Time:long,Gender:string,ID:string,Is Blocked:string,Name:string
v;Gode;Birthday:string,City:string,Country:string,Create Time:long,Gender:string,ID:string,Is Blocked:string,Name:string
v;Gossard;Birthday:string,City:string,Country:string,Create Time:long,Gender:string,ID:string,Is Blocked:string,Name:string
v;Gubenko;Birthday:string,City:string,Country:string,Create Time:long,Gender:string,ID:string,Is Blocked:string,Name:string
v;Hampl;Birthday:string,City:string,Country:string,Create Time:long,Gender:string,ID:string,Is Blocked:string,Name:string
v;Horton;Birthday:string,City:string,Country:string,Create Time:long,Gender:string,ID:string,Is Blocked:string,Name:string
v;House;Birthday:string,City:string,Country:string,Create Time:long,Gender:string,ID:string,Is Blocked:string,Name:string
v;Ilsanker;Birthday:string,City:string,Country:string,Create Time:long,Gender:string,ID:string,Is Blocked:string,Name:string
v;Iwatani;Birthday:string,City:string,Country:string,Create Time:long,Gender:string,ID:string,Is Blocked:string,Name:string
v;Joseph;Birthday:string,City:string,Country:string,Create Time:long,Gender:string,ID:string,Is Blocked:string,Name:string
v;Kail;Birthday:string,City:string,Country:string,Create Time:long,Gender:string,ID:string,Is Blocked:string,Name:string
v;Kaskeala;Birthday:string,City:string,Country:string,Create Time:long,Gender:string,ID:string,Is Blocked:string,Name:string
v;Kellman;Birthday:string,City:string,Country:string,Create Time:long,Gender:string,ID:string,Is Blocked:string,Name:string
v;Kharrazi;Birthday:string,City:string,Country:string,Create Time:long,Gender:string,ID:string,Is Blocked:string,Name:string
v;Kuşkapan;Birthday:string,City:string,Country:string,Create Time:long,Gender:string,ID:string,Is Blocked:string,Name:string
v;Kwong;Birthday:string,City:string,Country:string,Create Time:long,Gender:string,ID:string,Is Blocked:string,Name:string
v;Líder;Birthday:string,City:string,Country:string,Create Time:long,Gender:string,ID:string,Is Blocked:string,Name:string
v;Maas;Birthday:string,City:string,Country:string,Create Time:long,Gender:string,ID:string,Is Blocked:string,Name:string
v;Macsorley;Birthday:string,City:string,Country:string,Create Time:long,Gender:string,ID:string,Is Blocked:string,Name:string
v;Macwalter;Birthday:string,City:string,Country:string,Create Time:long,Gender:string,ID:string,Is Blocked:string,Name:string
v;Masters;Birthday:string,City:string,Country:string,Create Time:long,Gender:string,ID:string,Is Blocked:string,Name:string
v;Mauss;Birthday:string,City:string,Country:string,Create Time:long,Gender:string,ID:string,Is Blocked:string,Name:string
v;McLaren;Birthday:string,City:string,Country:string,Create Time:long,Gender:string,ID:string,Is Blocked:string,Name:string
v;Mitani;Birthday:string,City:string,Country:string,Create Time:long,Gender:string,ID:string,Is Blocked:string,Name:string
v;Moretz;Birthday:string,City:string,Country:string,Create Time:long,Gender:string,ID:string,Is Blocked:string,Name:string
v;Peart;Birthday:string,City:string,Country:string,Create Time:long,Gender:string,ID:string,Is Blocked:string,Name:string
v;Potterton;Birthday:string,City:string,Country:string,Create Time:long,Gender:string,ID:string,Is Blocked:string,Name:string
v;Raisa;Birthday:string,City:string,Country:string,Create Time:long,Gender:string,ID:string,Is Blocked:string,Name:string
v;Rothe;Birthday:string,City:string,Country:string,Create Time:long,Gender:string,ID:string,Is Blocked:string,Name:string
v;Sarnecki;Birthday:string,City:string,Country:string,Create Time:long,Gender:string,ID:string,Is Blocked:string,Name:string
v;Schubach;Birthday:string,City:string,Country:string,Create Time:long,Gender:string,ID:string,Is Blocked:string,Name:string
v;Shem-Tov;Birthday:string,City:string,Country:string,Create Time:long,Gender:string,ID:string,Is Blocked:string,Name:string
v;Stern;Birthday:string,City:string,Country:string,Create Time:long,Gender:string,ID:string,Is Blocked:string,Name:string
v;Stoker;Birthday:string,City:string,Country:string,Create Time:long,Gender:string,ID:string,Is Blocked:string,Name:string
v;Tarif;Birthday:string,City:string,Country:string,Create Time:long,Gender:string,ID:string,Is Blocked:string,Name:string
v;Telek;Birthday:string,City:string,Country:string,Create Time:long,Gender:string,ID:string,Is Blocked:string,Name:string
v;Torre;Birthday:string,City:string,Country:string,Create Time:long,Gender:string,ID:string,Is Blocked:string,Name:string
v;Vaccari;Birthday:string,City:string,Country:string,Create Time:long,Gender:string,ID:string,Is Blocked:string,Name:string
v;Wetch;Birthday:string,City:string,Country:string,Create Time:long,Gender:string,ID:string,Is Blocked:string,Name:string
v;Ewings;Birthday:string,City:string,Country:string,Create Time:long,Gender:string,ID:string,Is Blocked:string,Name:string
v;Filmography;Birthday:string,City:string,Country:string,Create Time:long,Gender:string,ID:string,Is Blocked:string,Name:string
v;Frier;Birthday:string,City:string,Country:string,Create Time:long,Gender:string,ID:string,Is Blocked:string,Name:string
v;Gashimov;Birthday:string,City:string,Country:string,Create Time:long,Gender:string,ID:string,Is Blocked:string,Name:string
v;Giambelli;Birthday:string,City:string,Country:string,Create Time:long,Gender:string,ID:string,Is Blocked:string,Name:string
v;Golovin;Birthday:string,City:string,Country:string,Create Time:long,Gender:string,ID:string,Is Blocked:string,Name:string
v;Itakura;Birthday:string,City:string,Country:string,Create Time:long,Gender:string,ID:string,Is Blocked:string,Name:string
v;Jordan;Birthday:string,City:string,Country:string,Create Time:long,Gender:string,ID:string,Is Blocked:string,Name:string
v;Kalvitis;Birthday:string,City:string,Country:string,Create Time:long,Gender:string,ID:string,Is Blocked:string,Name:string
v;Karimov;Birthday:string,City:string,Country:string,Create Time:long,Gender:string,ID:string,Is Blocked:string,Name:string
v;Keeping;Birthday:string,City:string,Country:string,Create Time:long,Gender:string,ID:string,Is Blocked:string,Name:string
v;Leya;Birthday:string,City:string,Country:string,Create Time:long,Gender:string,ID:string,Is Blocked:string,Name:string
v;Link;Birthday:string,City:string,Country:string,Create Time:long,Gender:string,ID:string,Is Blocked:string,Name:string
v;List;Birthday:string,City:string,Country:string,Create Time:long,Gender:string,ID:string,Is Blocked:string,Name:string
v;Lynch;Birthday:string,City:string,Country:string,Create Time:long,Gender:string,ID:string,Is Blocked:string,Name:string
v;Maasik;Birthday:string,City:string,Country:string,Create Time:long,Gender:string,ID:string,Is Blocked:string,Name:string
v;Macavoy;Birthday:string,City:string,Country:string,Create Time:long,Gender:string,ID:string,Is Blocked:string,Name:string
v;Maslen;Birthday:string,City:string,Country:string,Create Time:long,Gender:string,ID:string,Is Blocked:string,Name:string
v;Mignon;Birthday:string,City:string,Country:string,Create Time:long,Gender:string,ID:string,Is Blocked:string,Name:string
v;Monakhov;Birthday:string,City:string,Country:string,Create Time:long,Gender:string,ID:string,Is Blocked:string,Name:string
v;Morgans;Birthday:string,City:string,Country:string,Create Time:long,Gender:string,ID:string,Is Blocked:string,Name:string
v;Negroponte;Birthday:string,City:string,Country:string,Create Time:long,Gender:string,ID:string,Is Blocked:string,Name:string
v;Novi;Birthday:string,City:string,Country:string,Create Time:long,Gender:string,ID:string,Is Blocked:string,Name:string
v;Parkinson;Birthday:string,City:string,Country:string,Create Time:long,Gender:string,ID:string,Is Blocked:string,Name:string
v;Pasos;Birthday:string,City:string,Country:string,Create Time:long,Gender:string,ID:string,Is Blocked:string,Name:string
v;Petrini;Birthday:string,City:string,Country:string,Create Time:long,Gender:string,ID:string,Is Blocked:string,Name:string
v;Plommer;Birthday:string,City:string,Country:string,Create Time:long,Gender:string,ID:string,Is Blocked:string,Name:string
v;Rainford;Birthday:string,City:string,Country:string,Create Time:long,Gender:string,ID:string,Is Blocked:string,Name:string
v;Rangayan;Birthday:string,City:string,Country:string,Create Time:long,Gender:string,ID:string,Is Blocked:string,Name:string
v;Rodic;Birthday:string,City:string,Country:string,Create Time:long,Gender:string,ID:string,Is Blocked:string,Name:string
v;Rossano;Birthday:string,City:string,Country:string,Create Time:long,Gender:string,ID:string,Is Blocked:string,Name:string
v;Sartre;Birthday:string,City:string,Country:string,Create Time:long,Gender:string,ID:string,Is Blocked:string,Name:string
v;Schlingensief;Birthday:string,City:string,Country:string,Create Time:long,Gender:string,ID:string,Is Blocked:string,Name:string
v;Senzaki;Birthday:string,City:string,Country:string,Create Time:long,Gender:string,ID:string,Is Blocked:string,Name:string
v;Shi;Birthday:string,City:string,Country:string,Create Time:long,Gender:string,ID:string,Is Blocked:string,Name:string
v;Staudle;Birthday:string,City:string,Country:string,Create Time:long,Gender:string,ID:string,Is Blocked:string,Name:string
v;Sun;Birthday:string,City:string,Country:string,Create Time:long,Gender:string,ID:string,Is Blocked:string,Name:string
v;Sundarambal;Birthday:string,City:string,Country:string,Create Time:long,Gender:string,ID:string,Is Blocked:string,Name:string
v;Thomé;Birthday:string,City:string,Country:string,Create Time:long,Gender:string,ID:string,Is Blocked:string,Name:string
v;Toure;Birthday:string,City:string,Country:string,Create Time:long,Gender:string,ID:string,Is Blocked:string,Name:string
v;Tsoi;Birthday:string,City:string,Country:string,Create Time:long,Gender:string,ID:string,Is Blocked:string,Name:string
v;Whaley;Birthday:string,City:string,Country:string,Create Time:long,Gender:string,ID:string,Is Blocked:string,Name:string
v;Winner;Birthday:string,City:string,Country:string,Create Time:long,Gender:string,ID:string,Is Blocked:string,Name:string
v;Wolff;Birthday:string,City:string,Country:string,Create Time:long,Gender:string,ID:string,Is Blocked:string,Name:string
v;Zof;Birthday:string,City:string,Country:string,Create Time:long,Gender:string,ID:string,Is Blocked:string,Name:string
v;Zou;Birthday:string,City:string,Country:string,Create Time:long,Gender:string,ID:string,Is Blocked:string,Name:string
v;Østerholm;Birthday:string,City:string,Country:string,Create Time:long,Gender:string,ID:string,Is Blocked:string,Name:string
v;Enrile;Birthday:string,City:string,Country:string,Create Time:long,Gender:string,ID:string,Is Blocked:string,Name:string
v;Gaim;Birthday:string,City:string,Country:string,Create Time:long,Gender:string,ID:string,Is Blocked:string,Name:string
v;Gotch;Birthday:string,City:string,Country:string,Create Time:long,Gender:string,ID:string,Is Blocked:string,Name:string
v;Haddish;Birthday:string,City:string,Country:string,Create Time:long,Gender:string,ID:string,Is Blocked:string,Name:string
v;Hand;Birthday:string,City:string,Country:string,Create Time:long,Gender:string,ID:string,Is Blocked:string,Name:string
v;Hazledine;Birthday:string,City:string,Country:string,Create Time:long,Gender:string,ID:string,Is Blocked:string,Name:string
v;Hemmings;Birthday:string,City:string,Country:string,Create Time:long,Gender:string,ID:string,Is Blocked:string,Name:string
v;Hildreth;Birthday:string,City:string,Country:string,Create Time:long,Gender:string,ID:string,Is Blocked:string,Name:string
v;Jaffrey;Birthday:string,City:string,Country:string,Create Time:long,Gender:string,ID:string,Is Blocked:string,Name:string
v;James;Birthday:string,City:string,Country:string,Create Time:long,Gender:string,ID:string,Is Blocked:string,Name:string
v;Kokot;Birthday:string,City:string,Country:string,Create Time:long,Gender:string,ID:string,Is Blocked:string,Name:string
v;Komroff;Birthday:string,City:string,Country:string,Create Time:long,Gender:string,ID:string,Is Blocked:string,Name:string
v;Le Lacheur;Birthday:string,City:string,Country:string,Create Time:long,Gender:string,ID:string,Is Blocked:string,Name:string
v;Levertov;Birthday:string,City:string,Country:string,Create Time:long,Gender:string,ID:string,Is Blocked:string,Name:string
v;LuaLua;Birthday:string,City:string,Country:string,Create Time:long,Gender:string,ID:string,Is Blocked:string,Name:string
v;Malvar;Birthday:string,City:string,Country:string,Create Time:long,Gender:string,ID:string,Is Blocked:string,Name:string
v;Mattler;Birthday:string,City:string,Country:string,Create Time:long,Gender:string,ID:string,Is Blocked:string,Name:string
v;McCollough;Birthday:string,City:string,Country:string,Create Time:long,Gender:string,ID:string,Is Blocked:string,Name:string
v;Morant;Birthday:string,City:string,Country:string,Create Time:long,Gender:string,ID:string,Is Blocked:string,Name:string
v;Mosher;Birthday:string,City:string,Country:string,Create Time:long,Gender:string,ID:string,Is Blocked:string,Name:string
v;Nicolosi;Birthday:string,City:string,Country:string,Create Time:long,Gender:string,ID:string,Is Blocked:string,Name:string
v;Pill;Birthday:string,City:string,Country:string,Create Time:long,Gender:string,ID:string,Is Blocked:string,Name:string
v;Prandtl;Birthday:string,City:string,Country:string,Create Time:long,Gender:string,ID:string,Is Blocked:string,Name:string
v;Saliba;Birthday:string,City:string,Country:string,Create Time:long,Gender:string,ID:string,Is Blocked:string,Name:string
v;Salossa;Birthday:string,City:string,Country:string,Create Time:long,Gender:string,ID:string,Is Blocked:string,Name:string
v;Sharipova;Birthday:string,City:string,Country:string,Create Time:long,Gender:string,ID:string,Is Blocked:string,Name:string
v;Shockley;Birthday:string,City:string,Country:string,Create Time:long,Gender:string,ID:string,Is Blocked:string,Name:string
v;Sichel;Birthday:string,City:string,Country:string,Create Time:long,Gender:string,ID:string,Is Blocked:string,Name:string
v;Subinaghi;Birthday:string,City:string,Country:string,Create Time:long,Gender:string,ID:string,Is Blocked:string,Name:string
v;Terrell;Birthday:string,City:string,Country:string,Create Time:long,Gender:string,ID:string,Is Blocked:string,Name:string
v;Theissen;Birthday:string,City:string,Country:string,Create Time:long,Gender:string,ID:string,Is Blocked:string,Name:string
v;Tobey;Birthday:string,City:string,Country:string,Create Time:long,Gender:string,ID:string,Is Blocked:string,Name:string
v;Trussoni;Birthday:string,City:string,Country:string,Create Time:long,Gender:string,ID:string,Is Blocked:string,Name:string
v;Tucci;Birthday:string,City:string,Country:string,Create Time:long,Gender:string,ID:string,Is Blocked:string,Name:string
v;Williamson;Birthday:string,City:string,Country:string,Create Time:long,Gender:string,ID:string,Is Blocked:string,Name:string
v;Yamadera;Birthday:string,City:string,Country:string,Create Time:long,Gender:string,ID:string,Is Blocked:string,Name:string
v;Yilmaz;Birthday:string,City:string,Country:string,Create Time:long,Gender:string,ID:string,Is Blocked:string,Name:string
